MonthYr,Population,Employed,Unemployed,LabourForce,NotInLabourForce,UnempRate,LFPRate,Party,PrimeMinister,AnnPopGrowth
1/1/1976,16852.4,9636.7,733,10369.7,6482.7,0.070686712,0.61532482,Liberal,Pierre Trudeau,
2/1/1976,16892,9659.8,730,10389.8,6502.2,0.070261218,0.615072224,Liberal,Pierre Trudeau,
3/1/1976,16930.7,9704.2,691.5,10395.7,6535,0.066517887,0.614014778,Liberal,Pierre Trudeau,
4/1/1976,16969.4,9738.2,713.1,10451.3,6518.1,0.068230746,0.615890957,Liberal,Pierre Trudeau,
5/1/1976,17008.1,9726.1,720,10446.1,6562,0.068925245,0.61418383,Liberal,Pierre Trudeau,
6/1/1976,17046.8,9748.3,721.3,10469.6,6577.2,0.068894705,0.614168055,Liberal,Pierre Trudeau,
7/1/1976,17085.5,9759.5,779.9,10539.4,6546.1,0.07399852,0.616862252,Liberal,Pierre Trudeau,
8/1/1976,17124.4,9780.5,743.6,10524.1,6600.3,0.070656873,0.614567518,Liberal,Pierre Trudeau,
9/1/1976,17154.4,9795.2,736.7,10531.9,6622.5,0.069949392,0.613947442,Liberal,Pierre Trudeau,
10/1/1976,17183.4,9782.5,782.6,10565.1,6618.3,0.074074074,0.614843395,Liberal,Pierre Trudeau,
11/1/1976,17211.4,9829,780.5,10609.5,6601.9,0.073566144,0.616422836,Liberal,Pierre Trudeau,
12/1/1976,17238.1,9862.6,794.8,10657.4,6580.7,0.074577289,0.618246791,Liberal,Pierre Trudeau,
1/1/1977,17270.6,9869.3,811.8,10681.1,6589.5,0.076003408,0.618455641,Liberal,Pierre Trudeau,0.024815457
2/1/1977,17302.4,9874.2,842,10716.2,6586.2,0.078572628,0.619347605,Liberal,Pierre Trudeau,0.024295525
3/1/1977,17329.1,9865.7,836,10701.7,6627.4,0.07811843,0.617556596,Liberal,Pierre Trudeau,0.023531218
4/1/1977,17358.7,9892.6,849,10741.6,6617.1,0.079038505,0.618802099,Liberal,Pierre Trudeau,0.022941294
5/1/1977,17394.1,9912,837.8,10749.8,6644.3,0.077936334,0.618014154,Liberal,Pierre Trudeau,0.022695069
6/1/1977,17421.5,9906.9,842,10748.9,6672.6,0.078333597,0.6169905,Liberal,Pierre Trudeau,0.021980665
7/1/1977,17449.4,9911.4,872.9,10784.3,6665.1,0.080941739,0.618032712,Liberal,Pierre Trudeau,0.021298762
8/1/1977,17485.1,9936.6,882.8,10819.4,6665.7,0.081594173,0.618778274,Liberal,Pierre Trudeau,0.021063512
9/1/1977,17513.7,9937,902,10839,6674.7,0.083218009,0.618886929,Liberal,Pierre Trudeau,0.020945064
10/1/1977,17540.6,9962.1,913.4,10875.5,6665.1,0.083986943,0.620018699,Liberal,Pierre Trudeau,0.020787504
11/1/1977,17567.5,9976.3,925.4,10901.7,6665.8,0.084885843,0.620560694,Liberal,Pierre Trudeau,0.020689775
12/1/1977,17592.8,10002.3,926.6,10928.9,6663.9,0.084784379,0.62121436,Liberal,Pierre Trudeau,0.020576514
1/1/1978,17623.5,10013,905.1,10918.1,6705.4,0.082899039,0.619519392,Liberal,Pierre Trudeau,0.020433569
2/1/1978,17653.9,10067.5,913.8,10981.3,6672.6,0.083214191,0.622032525,Liberal,Pierre Trudeau,0.020315101
3/1/1978,17679.3,10100.3,941.2,11041.5,6637.8,0.085242041,0.624543958,Liberal,Pierre Trudeau,0.020208782
4/1/1978,17706.9,10128.7,931.6,11060.3,6646.6,0.08422918,0.624632206,Liberal,Pierre Trudeau,0.020059106
5/1/1978,17741.6,10146.7,953.9,11100.6,6641,0.085932292,0.625682013,Liberal,Pierre Trudeau,0.019978039
6/1/1978,17767.5,10207.6,938.5,11146.1,6621.4,0.084199855,0.627330801,Liberal,Pierre Trudeau,0.019860517
7/1/1978,17792,10255,933.4,11188.4,6603.6,0.083425691,0.628844424,Liberal,Pierre Trudeau,0.019633913
8/1/1978,17824.4,10287.5,948,11235.5,6588.9,0.084375417,0.630343798,Liberal,Pierre Trudeau,0.019405093
9/1/1978,17850.7,10305.5,947.2,11252.7,6598,0.084175353,0.630378641,Liberal,Pierre Trudeau,0.019242079
10/1/1978,17876.8,10368.8,924.8,11293.6,6583.2,0.081887086,0.631746174,Liberal,Pierre Trudeau,0.019166961
11/1/1978,17902.4,10387.2,945.7,11332.9,6569.5,0.083447308,0.633038028,Liberal,Pierre Trudeau,0.019063612
12/1/1978,17927.3,10428.3,937.8,11366.1,6561.2,0.082508512,0.634010699,Liberal,Pierre Trudeau,0.01901346
1/1/1979,17958.4,10483.1,938.2,11421.3,6537.1,0.082144765,0.635986502,Liberal,Pierre Trudeau,0.019003036
2/1/1979,17989.1,10490,917.3,11407.3,6581.8,0.080413419,0.634122886,Liberal,Pierre Trudeau,0.018987306
3/1/1979,18014.3,10535.9,904.9,11440.8,6573.5,0.079094119,0.635095452,Liberal,Pierre Trudeau,0.018948714
4/1/1979,18047.3,10560.8,914.1,11474.9,6572.4,0.079660825,0.635823641,Liberal,Pierre Trudeau,0.019224144
5/1/1979,18073.7,10611.4,871.8,11483.2,6590.5,0.075919604,0.635354133,Liberal,Pierre Trudeau,0.018718718
6/1/1979,18101,10645.4,850.7,11496.1,6604.9,0.073999008,0.635108558,Transfer,Transfer,0.018770227
7/1/1979,18133.4,10702.1,834.9,11537,6596.4,0.072367167,0.636229279,Conservative,Joe Clark,0.019188399
8/1/1979,18161.4,10742.1,821.7,11563.8,6597.6,0.071057957,0.636724041,Conservative,Joe Clark,0.018906667
9/1/1979,18189.4,10756.5,812.5,11569,6620.4,0.070230789,0.636029776,Conservative,Joe Clark,0.018974046
10/1/1979,18226,10809,843.2,11652.2,6573.8,0.072364017,0.639317459,Conservative,Joe Clark,0.019533697
11/1/1979,18255.2,10841.3,836.8,11678.1,6577.1,0.071655492,0.639713616,Conservative,Joe Clark,0.019706855
12/1/1979,18283.8,10859.9,848.1,11708,6575.8,0.072437649,0.640348286,Conservative,Joe Clark,0.019885872
1/1/1980,18317.9,10882.6,877.5,11760.1,6557.8,0.074616712,0.642000448,Conservative,Joe Clark,0.020018487
2/1/1980,18346.4,10902.9,894,11796.9,6549.5,0.075782621,0.643008983,Conservative,Joe Clark,0.019862028
3/1/1980,18373.9,10897.8,901,11798.8,6575.1,0.076363698,0.642150006,Transfer,Transfer,0.019961919
4/1/1980,18407.7,10938.3,908.3,11846.6,6561.1,0.076671788,0.643567637,Liberal,Pierre Trudeau,0.019969746
5/1/1980,18437,10891.6,923.9,11815.5,6621.5,0.078193898,0.640858057,Liberal,Pierre Trudeau,0.020101031
6/1/1980,18474.1,10936.8,918.3,11855.1,6619,0.077460334,0.641714617,Liberal,Pierre Trudeau,0.020612121
7/1/1980,18501.1,10935,905.6,11840.6,6660.5,0.076482611,0.639994379,Liberal,Pierre Trudeau,0.020277499
8/1/1980,18529,10970.3,907.9,11878.2,6650.8,0.07643414,0.64105996,Liberal,Pierre Trudeau,0.02024073
9/1/1980,18564,11051.9,876.2,11928.1,6635.9,0.073456795,0.642539323,Liberal,Pierre Trudeau,0.020594412
10/1/1980,18591.5,11083.1,873.1,11956.2,6635.3,0.073024874,0.643100342,Liberal,Pierre Trudeau,0.020053769
11/1/1980,18617.4,11127,857.7,11984.7,6632.7,0.071566247,0.643736505,Liberal,Pierre Trudeau,0.019840922
12/1/1980,18642.6,11140,874.1,12014.1,6628.5,0.072756178,0.644443372,Liberal,Pierre Trudeau,0.019623929
1/1/1981,18671.8,11206.5,892.3,12098.8,6573,0.073751116,0.647971808,Liberal,Pierre Trudeau,0.0193199
2/1/1981,18700.6,11283.3,899.8,12183.1,6517.5,0.073856408,0.651481771,Liberal,Pierre Trudeau,0.01930624
3/1/1981,18725,11278.7,902.4,12181.1,6543.9,0.074081979,0.650526035,Liberal,Pierre Trudeau,0.019108627
4/1/1981,18749.9,11315.8,868.3,12184.1,6565.8,0.071265009,0.649822132,Liberal,Pierre Trudeau,0.018590047
5/1/1981,18775.2,11345.8,877.2,12223,6552.2,0.071766342,0.651018365,Liberal,Pierre Trudeau,0.018343548
6/1/1981,18806.1,11375.6,887.9,12263.5,6542.6,0.072401843,0.652102243,Liberal,Pierre Trudeau,0.017971105
7/1/1981,18829,11336.4,879.4,12215.8,6613.2,0.071988736,0.648775825,Liberal,Pierre Trudeau,0.017723271
8/1/1981,18852.5,11353.8,861.2,12215,6637.5,0.070503479,0.647924678,Liberal,Pierre Trudeau,0.017459118
9/1/1981,18880.8,11328.7,1003.9,12332.6,6548.2,0.081402137,0.653182069,Liberal,Pierre Trudeau,0.017065288
10/1/1981,18904.4,11300.1,1020.4,12320.5,6583.9,0.082821314,0.651726582,Liberal,Pierre Trudeau,0.016830272
11/1/1981,18927.1,11291.5,1019.5,12311,6616.1,0.082812119,0.650443016,Liberal,Pierre Trudeau,0.016634976
12/1/1981,18949.7,11236,1071.7,12307.7,6642,0.087075571,0.649493132,Liberal,Pierre Trudeau,0.016473024
1/1/1982,18976.3,11205.6,1059.7,12265.3,6711,0.086398213,0.64634834,Liberal,Pierre Trudeau,0.016308015
2/1/1982,19001.7,11166.9,1092.8,12259.7,6742,0.089137581,0.645189641,Liberal,Pierre Trudeau,0.016101088
3/1/1982,19023.7,11140.5,1139.7,12280.2,6743.5,0.092807935,0.645521113,Liberal,Pierre Trudeau,0.015951936
4/1/1982,19045.6,11076.3,1204.8,12281.1,6764.5,0.098101962,0.644826102,Liberal,Pierre Trudeau,0.015770751
5/1/1982,19068.3,11021.9,1271.4,12293.3,6775,0.103422189,0.644698269,Liberal,Pierre Trudeau,0.015611019
6/1/1982,19096.2,10940.6,1364.3,12304.9,6791.3,0.11087453,0.6443638,Liberal,Pierre Trudeau,0.015425846
7/1/1982,19115.7,10893.6,1465.2,12358.8,6756.9,0.1185552,0.646526154,Liberal,Pierre Trudeau,0.015226512
8/1/1982,19142,10836.3,1478.1,12314.4,6827.6,0.120030209,0.643318358,Liberal,Pierre Trudeau,0.015356054
9/1/1982,19162.5,10806.7,1527,12333.7,6828.8,0.12380713,0.643637312,Liberal,Pierre Trudeau,0.014919919
10/1/1982,19183.2,10787.2,1602.1,12389.3,6793.9,0.129313198,0.645841153,Liberal,Pierre Trudeau,0.014747889
11/1/1982,19203.3,10764.1,1600.4,12364.5,6838.8,0.129435076,0.643873709,Liberal,Pierre Trudeau,0.014592832
12/1/1982,19222.6,10774.1,1624.4,12398.5,6824.1,0.131015849,0.644995994,Liberal,Pierre Trudeau,0.014401283
1/1/1983,19244.2,10801.1,1572.9,12374,6870.2,0.127113302,0.64299893,Liberal,Pierre Trudeau,0.01411761
2/1/1983,19266.5,10818.2,1573.6,12391.8,6874.7,0.126987201,0.643178574,Liberal,Pierre Trudeau,0.013935595
3/1/1983,19285.1,10874.9,1554.7,12429.6,6855.5,0.125080453,0.644518307,Liberal,Pierre Trudeau,0.013740755
4/1/1983,19304.2,10932.6,1553.7,12486.3,6817.9,0.124432378,0.646817791,Liberal,Pierre Trudeau,0.013577939
5/1/1983,19328.1,10952.5,1556.5,12509,6819.1,0.12443041,0.64719243,Liberal,Pierre Trudeau,0.013624707
6/1/1983,19346.5,11021.4,1557.3,12578.7,6767.8,0.123804527,0.650179619,Liberal,Pierre Trudeau,0.01310732
7/1/1983,19363.3,11073.4,1492.9,12566.3,6797,0.118801875,0.648975123,Liberal,Pierre Trudeau,0.012952704
8/1/1983,19386.4,11126.6,1472.8,12599.4,6787,0.116894455,0.649909215,Liberal,Pierre Trudeau,0.012767736
9/1/1983,19405.3,11174.2,1432,12606.2,6799.1,0.113594898,0.649626648,Liberal,Pierre Trudeau,0.012670581
10/1/1983,19424.2,11163.3,1419.2,12582.5,6841.7,0.112791576,0.647774426,Liberal,Pierre Trudeau,0.012563076
11/1/1983,19443.7,11162,1415.9,12577.9,6865.8,0.112570461,0.646888195,Liberal,Pierre Trudeau,0.012518682
12/1/1983,19462.2,11187.4,1429.1,12616.5,6845.7,0.113272302,0.648256621,Liberal,Pierre Trudeau,0.012464495
1/1/1984,19483.7,11168.6,1423.3,12591.9,6891.8,0.113032982,0.646278684,Liberal,Pierre Trudeau,0.012445308
2/1/1984,19506.2,11203.9,1425.4,12629.3,6876.9,0.112864529,0.647450554,Liberal,Pierre Trudeau,0.012441284
3/1/1984,19524.2,11205.9,1424.7,12630.6,6893.6,0.112797492,0.646920232,Liberal,Pierre Trudeau,0.012398173
4/1/1984,19546.8,11198.5,1456,12654.5,6892.3,0.115057885,0.64739497,Liberal,Pierre Trudeau,0.012567213
5/1/1984,19566.7,11245.5,1494,12739.5,6827.2,0.117273048,0.651080663,Liberal,Pierre Trudeau,0.012344721
6/1/1984,19586.5,11314.5,1442.9,12757.4,6829.1,0.113102983,0.65133638,Liberal,Transfer,0.012405345
7/1/1984,19609.7,11356.6,1427.1,12783.7,6826,0.111634347,0.651906964,Liberal,John Turner,0.012725104
8/1/1984,19628.8,11349.3,1441.1,12790.4,6838.4,0.11267044,0.651613955,Liberal,John Turner,0.012503611
9/1/1984,19648.2,11373.8,1527.9,12901.7,6746.5,0.118426254,0.656635213,Transfer,Transfer,0.012517199
10/1/1984,19672.4,11387.7,1455.6,12843.3,6829.1,0.113335358,0.652858828,Conservative,Brian Mulroney,0.012777875
11/1/1984,19691.5,11391.1,1462.3,12853.4,6838.1,0.113767563,0.652738491,Conservative,Brian Mulroney,0.012744488
12/1/1984,19709.6,11430.3,1425.9,12856.2,6853.4,0.110911467,0.652281122,Conservative,Brian Mulroney,0.012711821
1/1/1985,19730.9,11481.7,1364.7,12846.4,6884.5,0.106232096,0.651080285,Conservative,Brian Mulroney,0.012687529
2/1/1985,19748.6,11506.3,1386,12892.3,6856.3,0.107506031,0.652820959,Conservative,Brian Mulroney,0.012426818
3/1/1985,19766.5,11531.4,1421.4,12952.8,6813.7,0.109736891,0.655290517,Conservative,Brian Mulroney,0.01241024
4/1/1985,19789.4,11571.5,1404.4,12975.9,6813.5,0.108231414,0.655699516,Conservative,Brian Mulroney,0.012411239
5/1/1985,19809,11613.7,1371.8,12985.5,6823.5,0.105640907,0.655535363,Conservative,Brian Mulroney,0.012383284
6/1/1985,19828.7,11627,1391.3,13018.3,6810.4,0.106872633,0.65653825,Conservative,Brian Mulroney,0.01236566
7/1/1985,19852.4,11681.1,1358.4,13039.5,6812.9,0.104175774,0.656822349,Conservative,Brian Mulroney,0.012376528
8/1/1985,19872.8,11712.1,1348.1,13060.2,6812.6,0.103222003,0.657189727,Conservative,Brian Mulroney,0.012430714
9/1/1985,19898.7,11723.3,1331.7,13055,6843.7,0.102006894,0.65607301,Conservative,Brian Mulroney,0.012749259
10/1/1985,19919.1,11754,1355.4,13109.4,6809.7,0.10339146,0.658132145,Conservative,Brian Mulroney,0.012540412
11/1/1985,19939.6,11819,1350.2,13169.2,6770.4,0.102527109,0.660454573,Conservative,Brian Mulroney,0.012599345
12/1/1985,19958.2,11860.5,1326.1,13186.6,6771.6,0.100564209,0.660710886,Conservative,Brian Mulroney,0.012613143
1/1/1986,19981.2,11903.5,1300.2,13203.7,6777.5,0.098472398,0.660806158,Conservative,Brian Mulroney,0.012685686
2/1/1986,19999,11917.9,1303.8,13221.7,6777.3,0.098610617,0.661118056,Conservative,Brian Mulroney,0.01267938
3/1/1986,20017.2,11926.3,1298.6,13224.9,6792.3,0.098193559,0.660676818,Conservative,Brian Mulroney,0.012683075
4/1/1986,20041.3,12008.1,1284.2,13292.3,6749,0.096612324,0.663245398,Conservative,Brian Mulroney,0.012729037
5/1/1986,20062.1,11977.2,1259.5,13236.7,6825.4,0.095152115,0.659786363,Conservative,Brian Mulroney,0.012777021
6/1/1986,20087.6,12016.9,1272.9,13289.8,6797.8,0.095780222,0.661592226,Conservative,Brian Mulroney,0.013056832
7/1/1986,20105.9,12017.1,1271.3,13288.4,6817.5,0.095669908,0.660920426,Conservative,Brian Mulroney,0.012769237
8/1/1986,20124.5,12024.7,1277.5,13302.2,6822.3,0.096036746,0.660995304,Conservative,Brian Mulroney,0.012665553
9/1/1986,20147.1,12035.2,1265.3,13300.5,6846.6,0.095131762,0.660169454,Conservative,Brian Mulroney,0.012483228
10/1/1986,20165.8,12059.6,1253.5,13313.1,6852.7,0.094155381,0.66018209,Conservative,Brian Mulroney,0.012385098
11/1/1986,20183.9,12082,1250.8,13332.8,6851.1,0.093813753,0.660566095,Conservative,Brian Mulroney,0.012252001
12/1/1986,20202.6,12079.7,1266.9,13346.6,6856,0.094923052,0.66063774,Conservative,Brian Mulroney,0.012245593
1/1/1987,20225.3,12102,1274.3,13376.3,6849,0.095265507,0.661364726,Conservative,Brian Mulroney,0.012216483
2/1/1987,20248.6,12131.4,1275.3,13406.7,6841.9,0.09512408,0.662105034,Conservative,Brian Mulroney,0.012480624
3/1/1987,20268.9,12182,1259.3,13441.3,6827.6,0.093688855,0.663148962,Conservative,Brian Mulroney,0.012574186
4/1/1987,20289.9,12229.5,1237.1,13466.6,6823.3,0.091864316,0.66370953,Conservative,Brian Mulroney,0.012404385
5/1/1987,20311.5,12285.7,1201.1,13486.8,6824.7,0.089057449,0.663998228,Conservative,Brian Mulroney,0.012431401
6/1/1987,20339.2,12319.4,1203.8,13523.2,6816,0.089017392,0.664883575,Conservative,Brian Mulroney,0.01252514
7/1/1987,20360.6,12345.5,1179.2,13524.7,6835.9,0.087188625,0.664258421,Conservative,Brian Mulroney,0.012667923
8/1/1987,20381.6,12376.2,1167,13543.2,6838.4,0.086168705,0.664481689,Conservative,Brian Mulroney,0.012775473
9/1/1987,20408.3,12421.9,1146.1,13568,6840.3,0.084470814,0.664827546,Conservative,Brian Mulroney,0.012964645
10/1/1987,20428.5,12487.4,1129.7,13617.1,6811.4,0.082961864,0.666573659,Conservative,Brian Mulroney,0.013027006
11/1/1987,20448.3,12519.4,1113.2,13632.6,6815.7,0.081657204,0.666686228,Conservative,Brian Mulroney,0.01309955
12/1/1987,20467.1,12583.3,1097.1,13680.4,6786.7,0.080195024,0.668409301,Conservative,Brian Mulroney,0.013092374
1/1/1988,20489.4,12601.9,1106.5,13708.4,6781,0.080716933,0.669048386,Conservative,Brian Mulroney,0.013057903
2/1/1988,20510.8,12642.6,1068.4,13711,6799.8,0.077922836,0.668477095,Conservative,Brian Mulroney,0.012949043
3/1/1988,20530,12662.6,1067.8,13730.4,6799.6,0.077769038,0.668796883,Conservative,Brian Mulroney,0.012881804
4/1/1988,20550.6,12676,1056.2,13732.2,6818.4,0.076914114,0.668214067,Conservative,Brian Mulroney,0.012848757
5/1/1988,20577.9,12679.7,1067.4,13747.1,6830.8,0.077645467,0.668051648,Conservative,Brian Mulroney,0.013115723
6/1/1988,20600,12698.1,1043.9,13742,6858,0.075964197,0.667087379,Conservative,Brian Mulroney,0.01282253
7/1/1988,20622,12711.8,1069.6,13781.4,6840.6,0.077611854,0.668286296,Conservative,Brian Mulroney,0.012838521
8/1/1988,20650.4,12720,1077.6,13797.6,6852.8,0.078100539,0.668151707,Conservative,Brian Mulroney,0.013188366
9/1/1988,20672.5,12732.8,1084,13816.8,6855.7,0.078455214,0.668366187,Conservative,Brian Mulroney,0.012945713
10/1/1988,20693.6,12765,1077.9,13842.9,6850.7,0.077866632,0.668945954,Conservative,Brian Mulroney,0.012976968
11/1/1988,20714.3,12795.8,1076.8,13872.6,6841.7,0.077620633,0.669711262,Conservative,Brian Mulroney,0.013008416
12/1/1988,20734.5,12849.4,1035.1,13884.5,6850,0.074550758,0.669632738,Conservative,Brian Mulroney,0.01306487
1/1/1989,20763.1,12922,1049.6,13971.6,6791.5,0.075123823,0.672905298,Conservative,Brian Mulroney,0.013358127
2/1/1989,20783.3,12936.8,1060.8,13997.6,6785.7,0.07578442,0.673502283,Conservative,Brian Mulroney,0.013285684
3/1/1989,20805.4,12982.4,1059.1,14041.5,6763.9,0.075426415,0.674896902,Conservative,Brian Mulroney,0.013414515
4/1/1989,20828.2,12959.9,1089.8,14049.7,6778.5,0.077567493,0.67455181,Conservative,Brian Mulroney,0.013508121
5/1/1989,20858.6,12962.2,1077.4,14039.6,6819,0.076740078,0.673084483,Conservative,Brian Mulroney,0.013640848
6/1/1989,20883,12979.4,1051.3,14030.7,6852.3,0.07492855,0.671871857,Conservative,Brian Mulroney,0.013737864
7/1/1989,20907.8,12979.8,1046.1,14025.9,6881.9,0.074583449,0.67084533,Conservative,Brian Mulroney,0.013858986
8/1/1989,20938.9,13029.1,1029.7,14058.8,6880.1,0.073242382,0.67142018,Conservative,Brian Mulroney,0.013970674
9/1/1989,20963.6,13029.5,1032.6,14062.1,6901.5,0.073431422,0.670786506,Conservative,Brian Mulroney,0.014081509
10/1/1989,20993.6,13034.5,1014,14048.5,6945.1,0.072178524,0.669180131,Conservative,Brian Mulroney,0.014497236
11/1/1989,21017,13059.7,1055.2,14114.9,6902.1,0.07475788,0.671594424,Conservative,Brian Mulroney,0.014613093
12/1/1989,21039.1,13066.8,1083.2,14150,6889.1,0.076551237,0.672557286,Conservative,Brian Mulroney,0.014690492
1/1/1990,21064.5,13101.4,1119.1,14220.5,6844,0.078696248,0.675093166,Conservative,Brian Mulroney,0.014516137
2/1/1990,21085.8,13134.9,1093.6,14228.5,6857.3,0.076859824,0.674790617,Conservative,Brian Mulroney,0.014554955
3/1/1990,21109.5,13126.1,1033.8,14159.9,6949.6,0.07300899,0.670783297,Conservative,Brian Mulroney,0.014616398
4/1/1990,21142.7,13141.3,1076.8,14218.1,6924.6,0.075734451,0.672482701,Conservative,Brian Mulroney,0.015099721
5/1/1990,21170,13101.9,1105.2,14207.1,6962.9,0.07779209,0.67109589,Conservative,Brian Mulroney,0.014929094
6/1/1990,21197.5,13134.4,1080.8,14215.2,6982.3,0.07603129,0.670607383,Conservative,Brian Mulroney,0.015060097
7/1/1990,21233.1,13113.6,1128.5,14242.1,6991,0.07923691,0.670749914,Conservative,Brian Mulroney,0.015558787
8/1/1990,21261,13100.3,1161.8,14262.1,6998.9,0.081460654,0.670810404,Conservative,Brian Mulroney,0.015382852
9/1/1990,21286.8,13089.5,1218.1,14307.6,6979.2,0.085136571,0.672134844,Conservative,Brian Mulroney,0.015417199
10/1/1990,21317.2,13039.3,1260.1,14299.4,7017.8,0.088122579,0.670791661,Conservative,Brian Mulroney,0.015414221
11/1/1990,21342.5,12985.3,1306.3,14291.6,7050.9,0.091403342,0.669631018,Conservative,Brian Mulroney,0.015487463
12/1/1990,21366.2,12934.7,1355,14289.7,7076.5,0.094823544,0.668799319,Conservative,Brian Mulroney,0.015547243
1/1/1991,21394.7,12894.2,1397.6,14291.8,7102.9,0.097790341,0.668006562,Conservative,Brian Mulroney,0.015675663
2/1/1991,21418.6,12845.1,1451.8,14296.9,7121.7,0.101546489,0.667499276,Conservative,Brian Mulroney,0.015783134
3/1/1991,21443.8,12809.2,1499.5,14308.7,7135.1,0.104796383,0.66726513,Conservative,Brian Mulroney,0.015836472
4/1/1991,21475.8,12850.7,1475.4,14326.1,7149.7,0.102986856,0.667081087,Conservative,Brian Mulroney,0.015754847
5/1/1991,21502,12879.9,1467.2,14347.1,7154.9,0.102264569,0.667244907,Conservative,Brian Mulroney,0.01568257
6/1/1991,21528.2,12886.3,1510.4,14396.7,7131.5,0.104912931,0.66873682,Conservative,Brian Mulroney,0.015600896
7/1/1991,21553.8,12872.3,1510.7,14383,7170.8,0.10503372,0.667306925,Conservative,Brian Mulroney,0.015103777
8/1/1991,21571.3,12876.2,1511.7,14387.9,7183.4,0.105067453,0.666992717,Conservative,Brian Mulroney,0.014594798
9/1/1991,21595.6,12855.4,1477.9,14333.3,7262.3,0.103109542,0.663713905,Conservative,Brian Mulroney,0.014506643
10/1/1991,21614.4,12861,1479.6,14340.6,7273.8,0.103175599,0.66347435,Conservative,Brian Mulroney,0.013941793
11/1/1991,21638,12823.2,1480.9,14304.1,7333.9,0.103529757,0.661063869,Conservative,Brian Mulroney,0.013845613
12/1/1991,21663.5,12810.2,1475.9,14286.1,7377.4,0.103310211,0.659454843,Conservative,Brian Mulroney,0.0139145
1/1/1992,21689.1,12790.2,1489.8,14280,7409.1,0.104327731,0.658395231,Conservative,Brian Mulroney,0.013760417
2/1/1992,21706.9,12771.3,1496.7,14268,7438.9,0.104899075,0.657302517,Conservative,Brian Mulroney,0.013460264
3/1/1992,21735.9,12744.9,1554.3,14299.2,7436.7,0.108698389,0.657860958,Conservative,Brian Mulroney,0.013621653
4/1/1992,21759,12730.9,1530,14260.9,7498.1,0.107286356,0.655402362,Conservative,Brian Mulroney,0.013186936
5/1/1992,21782.8,12736.6,1564.8,14301.4,7481.4,0.109415861,0.656545531,Conservative,Brian Mulroney,0.01305925
6/1/1992,21811.7,12717.3,1633.2,14350.5,7461.2,0.113807881,0.657926709,Conservative,Brian Mulroney,0.013168774
7/1/1992,21835,12732.5,1621.6,14354.1,7480.9,0.112971207,0.657389512,Conservative,Brian Mulroney,0.013046423
8/1/1992,21857.6,12693.7,1677.8,14371.5,7486.1,0.116744947,0.657505856,Conservative,Brian Mulroney,0.013272265
9/1/1992,21885.1,12700.1,1668.1,14368.2,7516.9,0.116096658,0.656528871,Conservative,Brian Mulroney,0.013405509
10/1/1992,21906.4,12713,1634.2,14347.2,7559.2,0.113903758,0.654931892,Conservative,Brian Mulroney,0.013509512
11/1/1992,21926.2,12704.8,1748.9,14453.7,7472.5,0.121000159,0.659197672,Conservative,Brian Mulroney,0.013319161
12/1/1992,21946.2,12721.9,1682.7,14404.6,7541.6,0.11681685,0.656359643,Conservative,Brian Mulroney,0.0130496
1/1/1993,21969.3,12755,1604.1,14359.1,7610.2,0.11171313,0.653598431,Conservative,Brian Mulroney,0.012918932
2/1/1993,21991.1,12763.2,1570,14333.2,7657.9,0.109535903,0.651772763,Conservative,Brian Mulroney,0.013092611
3/1/1993,22012.4,12780.7,1609.6,14390.3,7622.1,0.111853123,0.653736076,Conservative,Brian Mulroney,0.01272089
4/1/1993,22032.8,12748.8,1668.2,14417,7615.8,0.115710619,0.654342616,Conservative,Brian Mulroney,0.012583299
5/1/1993,22053.5,12755.9,1675.7,14431.6,7621.9,0.116113251,0.65439046,Conservative,Brian Mulroney,0.012427236
6/1/1993,22082.6,12780,1689.7,14469.7,7612.9,0.116775054,0.655253457,Conservative,Transfer,0.01241994
7/1/1993,22104.9,12789.6,1681.2,14470.8,7634.1,0.116178788,0.654642183,Conservative,Kim Campbell,0.012360888
8/1/1993,22132.2,12808.1,1622.8,14430.9,7701.3,0.112453139,0.652031881,Conservative,Kim Campbell,0.012563136
9/1/1993,22154.2,12840.5,1664.5,14505,7649.2,0.114753533,0.654729126,Conservative,Kim Campbell,0.012296037
10/1/1993,22174.9,12825.3,1628.2,14453.5,7721.4,0.112650915,0.651795499,Conservative,Kim Campbell,0.012256692
11/1/1993,22193.6,12873.9,1631.4,14505.3,7688.3,0.112469235,0.653580311,Transfer,Transfer,0.012195456
12/1/1993,22212.9,12848.4,1647.7,14496.1,7716.8,0.113665055,0.652598265,Liberal,Jean Chretien,0.012152446
1/1/1994,22233.7,12856.4,1656.8,14513.2,7720.5,0.114158146,0.652756851,Liberal,Jean Chretien,0.012034976
2/1/1994,22256.4,12889.5,1602.6,14492.1,7764.3,0.110584387,0.651143042,Liberal,Jean Chretien,0.012063971
3/1/1994,22279.1,12928.6,1529.8,14458.4,7820.7,0.105807005,0.648966969,Liberal,Jean Chretien,0.012115898
4/1/1994,22302.6,12940.7,1587,14527.7,7774.9,0.109239591,0.651390421,Liberal,Jean Chretien,0.01224538
5/1/1994,22332.6,13012.4,1553.4,14565.8,7766.8,0.106647077,0.652221416,Liberal,Jean Chretien,0.012655588
6/1/1994,22356.2,13041.5,1501.9,14543.4,7812.8,0.103270212,0.650530949,Liberal,Jean Chretien,0.012389845
7/1/1994,22380.7,13098.5,1466.3,14564.8,7815.9,0.100674228,0.650774998,Liberal,Jean Chretien,0.012476872
8/1/1994,22411.1,13115.2,1486,14601.2,7809.9,0.101772457,0.651516436,Liberal,Jean Chretien,0.012601549
9/1/1994,22433.5,13176.9,1487.9,14664.8,7768.7,0.10146064,0.653700938,Liberal,Jean Chretien,0.01260709
10/1/1994,22455.2,13168.8,1457.4,14626.2,7829,0.099643106,0.651350244,Liberal,Jean Chretien,0.012640418
11/1/1994,22476.2,13259.2,1417.5,14676.7,7799.5,0.096581657,0.652988494,Liberal,Jean Chretien,0.012733401
12/1/1994,22495.7,13245.8,1407.4,14653.2,7842.5,0.09604728,0.651377819,Liberal,Jean Chretien,0.012731341
1/1/1995,22524.7,13269.5,1402.6,14672.1,7852.6,0.095596404,0.651378265,Liberal,Jean Chretien,0.01308824
2/1/1995,22545.8,13262.3,1400.4,14662.7,7883.1,0.095507649,0.650351728,Liberal,Jean Chretien,0.013003001
3/1/1995,22568.6,13290.5,1429.1,14719.6,7849,0.097088236,0.652215911,Liberal,Jean Chretien,0.012994241
4/1/1995,22592.9,13268.9,1387.7,14656.6,7936.3,0.094680895,0.648725927,Liberal,Jean Chretien,0.01301642
5/1/1995,22623.5,13265.8,1394.7,14660.5,7963,0.095133181,0.648020863,Liberal,Jean Chretien,0.013025801
6/1/1995,22647.9,13278.2,1394.7,14672.9,7975,0.095052784,0.647870222,Liberal,Jean Chretien,0.013047835
7/1/1995,22672.6,13280.6,1418.3,14698.9,7973.7,0.096490214,0.648311177,Liberal,Jean Chretien,0.013042488
8/1/1995,22702.9,13297.8,1403.8,14701.6,8001.3,0.095486206,0.647564849,Liberal,Jean Chretien,0.013020334
9/1/1995,22725.8,13331.2,1356.9,14688.1,8037.7,0.092380907,0.646318281,Liberal,Jean Chretien,0.013029621
10/1/1995,22749.7,13347,1369.6,14716.6,8033.1,0.093064974,0.646892047,Liberal,Jean Chretien,0.013115002
11/1/1995,22772.3,13315,1357,14672,8100.3,0.092489095,0.64429153,Liberal,Jean Chretien,0.013173935
12/1/1995,22793.6,13356.8,1379.7,14736.5,8057.1,0.093624673,0.646519198,Liberal,Jean Chretien,0.013242531
1/1/1996,22821,13374.5,1395.1,14769.6,8051.4,0.094457534,0.647193375,Liberal,Jean Chretien,0.013154448
2/1/1996,22844.7,13399.4,1410.8,14810.2,8034.5,0.095258673,0.648299168,Liberal,Jean Chretien,0.013257458
3/1/1996,22868.7,13377.2,1413.1,14790.3,8078.4,0.095542349,0.646748613,Liberal,Jean Chretien,0.013297236
4/1/1996,22892.2,13404.1,1376.7,14780.8,8111.4,0.093141102,0.645669704,Liberal,Jean Chretien,0.013247525
5/1/1996,22922.4,13425.6,1368,14793.6,8128.8,0.092472421,0.645377447,Liberal,Jean Chretien,0.013211926
6/1/1996,22945.9,13412.9,1453.3,14866.2,8079.7,0.097758674,0.647880449,Liberal,Jean Chretien,0.013157953
7/1/1996,22976.2,13440.4,1451.2,14891.6,8084.6,0.097450912,0.648131545,Liberal,Jean Chretien,0.013390612
8/1/1996,23000,13456.6,1402.9,14859.5,8140.5,0.094410983,0.646065217,Liberal,Jean Chretien,0.013086434
9/1/1996,23028.4,13414.4,1475.2,14889.6,8138.8,0.099075865,0.646575533,Liberal,Jean Chretien,0.013315263
10/1/1996,23050.4,13412.8,1479.3,14892.1,8158.3,0.099334547,0.64606688,Liberal,Jean Chretien,0.013217757
11/1/1996,23071.9,13441.5,1471.3,14912.8,8159.1,0.098660211,0.646362025,Liberal,Jean Chretien,0.013156335
12/1/1996,23092,13465.7,1453.1,14918.8,8173.2,0.097400595,0.646059241,Liberal,Jean Chretien,0.013091394
1/1/1997,23114.7,13535.9,1416,14951.9,8162.8,0.094703683,0.646856762,Liberal,Jean Chretien,0.012869725
2/1/1997,23134.5,13538.1,1423.7,14961.8,8172.7,0.095155663,0.646731073,Liberal,Jean Chretien,0.012685656
3/1/1997,23156.3,13569.8,1398.2,14968,8188.3,0.093412614,0.646389967,Liberal,Jean Chretien,0.012576141
4/1/1997,23185.1,13571.2,1415.3,14986.5,8198.6,0.094438328,0.646384963,Liberal,Jean Chretien,0.012794751
5/1/1997,23208.6,13637.2,1408,15045.2,8163.4,0.093584665,0.648259697,Liberal,Jean Chretien,0.012485604
6/1/1997,23237.4,13690,1376.2,15066.2,8171.2,0.091343537,0.648359971,Liberal,Jean Chretien,0.012703795
7/1/1997,23260.1,13731.5,1344.4,15075.9,8184.2,0.089175439,0.648144247,Liberal,Jean Chretien,0.012356264
8/1/1997,23283.5,13798.9,1344.8,15143.7,8139.8,0.088802604,0.650404793,Liberal,Jean Chretien,0.012326087
9/1/1997,23312.7,13815.9,1339.3,15155.2,8157.5,0.088372308,0.650083431,Liberal,Jean Chretien,0.012345625
10/1/1997,23335.3,13833.1,1347.4,15180.5,8154.8,0.088758605,0.650538026,Liberal,Jean Chretien,0.012359872
11/1/1997,23356.4,13859.5,1346.3,15205.8,8150.6,0.088538584,0.65103355,Liberal,Jean Chretien,0.012331017
12/1/1997,23375.4,13874.9,1283.1,15158,8217.4,0.08464837,0.648459492,Liberal,Jean Chretien,0.012272649
1/1/1998,23397.5,13864.8,1337.9,15202.7,8194.8,0.088004105,0.649757453,Liberal,Jean Chretien,0.012234639
2/1/1998,23419.2,13914.5,1302.6,15217.1,8202.1,0.085601067,0.649770274,Liberal,Jean Chretien,0.012306296
3/1/1998,23438.6,13949.4,1273.4,15222.8,8215.8,0.08365084,0.649475651,Liberal,Jean Chretien,0.012191067
4/1/1998,23459.9,13977.6,1260.9,15238.5,8221.4,0.082744365,0.649555198,Liberal,Jean Chretien,0.01185244
5/1/1998,23482.1,13993.3,1264.3,15257.6,8224.5,0.082863622,0.649754494,Liberal,Jean Chretien,0.011784425
6/1/1998,23509.5,14005.8,1278.2,15284,8225.5,0.08362994,0.650120164,Liberal,Jean Chretien,0.011709572
7/1/1998,23528.9,14063.8,1269.6,15333.4,8195.5,0.08279964,0.651683674,Liberal,Jean Chretien,0.01155627
8/1/1998,23547.6,14101.7,1239.7,15341.4,8206.2,0.080807488,0.651505886,Liberal,Jean Chretien,0.011342796
9/1/1998,23572.2,14140.7,1264.7,15405.4,8166.8,0.08209459,0.653541036,Liberal,Jean Chretien,0.011131272
10/1/1998,23592.3,14159.4,1233.1,15392.5,8199.8,0.080110443,0.652437448,Liberal,Jean Chretien,0.011013357
11/1/1998,23611.5,14198.9,1240.2,15439.1,8172.4,0.080328517,0.653880524,Liberal,Jean Chretien,0.01092206
12/1/1998,23629.5,14200,1259,15459,8170.5,0.081441232,0.654224592,Liberal,Jean Chretien,0.010870402
1/1/1999,23650.9,14273.3,1226,15499.3,8151.6,0.079100346,0.655336583,Liberal,Jean Chretien,0.010830217
2/1/1999,23672.2,14263.3,1223.3,15486.6,8185.6,0.07899087,0.654210424,Liberal,Jean Chretien,0.010803102
3/1/1999,23693.5,14278.7,1219,15497.7,8195.8,0.078656833,0.654090784,Liberal,Jean Chretien,0.010875223
4/1/1999,23716,14316.6,1275.9,15592.5,8123.5,0.081827802,0.657467532,Liberal,Jean Chretien,0.0109165
5/1/1999,23739.9,14352.7,1238.8,15591.5,8148.4,0.079453548,0.656763508,Liberal,Jean Chretien,0.010978575
6/1/1999,23769.7,14373,1180.3,15553.3,8216.4,0.075887432,0.654333037,Liberal,Jean Chretien,0.011067866
7/1/1999,23792.9,14430.9,1179.3,15610.2,8182.7,0.075546758,0.65608648,Liberal,Jean Chretien,0.011220244
8/1/1999,23820.6,14451.8,1158.9,15610.7,8209.9,0.074237542,0.655344534,Liberal,Jean Chretien,0.011593538
9/1/1999,23844.8,14474.6,1171.3,15645.9,8198.9,0.074863063,0.65615564,Liberal,Jean Chretien,0.01156447
10/1/1999,23869.2,14514.7,1125.6,15640.3,8228.9,0.071967929,0.655250281,Liberal,Jean Chretien,0.01173688
11/1/1999,23892.8,14549.4,1084.1,15633.5,8259.3,0.069344676,0.654318456,Liberal,Jean Chretien,0.011913686
12/1/1999,23915,14611.3,1059.8,15671.1,8243.9,0.067627671,0.655283295,Liberal,Jean Chretien,0.012082355
1/1/2000,23937.8,14652.7,1068.1,15720.8,8217,0.067941835,0.656735373,Liberal,Jean Chretien,0.012130617
2/1/2000,23963.5,14672.2,1081.1,15753.3,8210.2,0.068626891,0.657387276,Liberal,Jean Chretien,0.012305574
3/1/2000,23988.6,14697.5,1082.3,15779.8,8208.8,0.068587688,0.657804124,Liberal,Jean Chretien,0.012454893
4/1/2000,24014.6,14722.7,1064.5,15787.2,8227.4,0.067428043,0.657400082,Liberal,Jean Chretien,0.012590656
5/1/2000,24048.5,14736.4,1047.5,15783.9,8264.6,0.066365094,0.656336154,Liberal,Jean Chretien,0.012999212
6/1/2000,24076.3,14746.8,1061,15807.8,8268.5,0.067118764,0.656570985,Liberal,Jean Chretien,0.012898774
7/1/2000,24102.5,14750.4,1068,15818.4,8284.1,0.06751631,0.656297065,Liberal,Jean Chretien,0.013012285
8/1/2000,24134.6,14770.3,1113.1,15883.4,8251.2,0.070079454,0.658117392,Liberal,Jean Chretien,0.013181868
9/1/2000,24162.1,14812.2,1104.1,15916.3,8245.8,0.069369137,0.658729994,Liberal,Jean Chretien,0.013306885
10/1/2000,24189.6,14835.3,1120.4,15955.7,8233.9,0.07021942,0.659609915,Liberal,Jean Chretien,0.013423156
11/1/2000,24216.4,14871.4,1110.7,15982.1,8234.3,0.069496499,0.659970103,Liberal,Jean Chretien,0.013543829
12/1/2000,24241.9,14920,1083.2,16003.2,8238.7,0.067686463,0.660146276,Liberal,Jean Chretien,0.013669245
1/1/2001,24255.3,14894.4,1100.1,15994.5,8260.8,0.068779893,0.659422889,Liberal,Jean Chretien,0.013263541
2/1/2001,24280.4,14883.9,1120.5,16004.4,8276,0.070011997,0.659148943,Liberal,Jean Chretien,0.013224279
3/1/2001,24308.1,14888.7,1144.6,16033.3,8274.8,0.071388922,0.659586722,Liberal,Jean Chretien,0.013318826
4/1/2001,24344.9,14922.3,1144.7,16067,8277.9,0.07124541,0.659973958,Liberal,Jean Chretien,0.013754133
5/1/2001,24375.1,14946.2,1130.6,16076.8,8298.3,0.07032494,0.65955832,Liberal,Jean Chretien,0.013580889
6/1/2001,24406.3,14922.5,1162.6,16085.1,8321.2,0.072278071,0.659055244,Liberal,Jean Chretien,0.013706425
7/1/2001,24442.1,14946.3,1137.7,16084,8358.1,0.070734892,0.658044931,Liberal,Jean Chretien,0.014089825
8/1/2001,24470.7,14948.5,1163.9,16112.4,8358.3,0.07223629,0.658436416,Liberal,Jean Chretien,0.013926065
9/1/2001,24498.4,14972.8,1158.7,16131.5,8366.9,0.07182841,0.658471574,Liberal,Jean Chretien,0.013918492
10/1/2001,24525.1,14976.9,1182.9,16159.8,8365.3,0.073200163,0.658908628,Liberal,Jean Chretien,0.013869597
11/1/2001,24550.9,14990.3,1209.4,16199.7,8351.2,0.074655704,0.659841391,Liberal,Jean Chretien,0.013812953
12/1/2001,24575,14965.6,1310.4,16276,8299,0.080511182,0.662299084,Liberal,Jean Chretien,0.013740672
1/1/2002,24608.4,15018.4,1305.9,16324.3,8284.1,0.079997305,0.663362917,Liberal,Jean Chretien,0.014557643
2/1/2002,24634,15038.7,1299.6,16338.3,8295.7,0.079543159,0.663241861,Liberal,Jean Chretien,0.014563187
3/1/2002,24662.4,15114.2,1295.2,16409.4,8253,0.078930369,0.665361035,Liberal,Jean Chretien,0.014575388
4/1/2002,24699.4,15165.9,1265.5,16431.4,8268,0.077017174,0.665255026,Liberal,Jean Chretien,0.014561571
5/1/2002,24729.8,15221.8,1281.8,16503.6,8226.2,0.077667903,0.667356792,Liberal,Jean Chretien,0.014551735
6/1/2002,24761,15278.9,1262.6,16541.5,8219.5,0.076329233,0.668046525,Liberal,Jean Chretien,0.014533133
7/1/2002,24795.8,15327.9,1265.7,16593.6,8202.2,0.076276396,0.669210108,Liberal,Jean Chretien,0.014470933
8/1/2002,24818.6,15412.5,1233.8,16646.3,8172.3,0.074118573,0.670718735,Liberal,Jean Chretien,0.014217002
9/1/2002,24845.8,15415.9,1257.4,16673.3,8172.5,0.075413985,0.671071167,Liberal,Jean Chretien,0.014180518
10/1/2002,24868.1,15422.1,1263.8,16685.9,8182.2,0.075740595,0.67097607,Liberal,Jean Chretien,0.013985672
11/1/2002,24889.7,15474.6,1245.1,16719.7,8170,0.07446904,0.671751769,Liberal,Jean Chretien,0.013799901
12/1/2002,24909.8,15522.9,1265.5,16788.4,8121.4,0.075379429,0.673967675,Liberal,Jean Chretien,0.013623601
1/1/2003,24932.7,15542.7,1253.6,16796.3,8136.4,0.074635485,0.673665508,Liberal,Jean Chretien,0.013178427
2/1/2003,24953.8,15596,1263,16859,8094.8,0.074915475,0.675608525,Liberal,Jean Chretien,0.012982057
3/1/2003,24978.6,15598.9,1247.4,16846.3,8132.3,0.074045933,0.674429311,Liberal,Jean Chretien,0.012821137
4/1/2003,25009.7,15593,1284.3,16877.3,8132.4,0.076096295,0.674830166,Liberal,Jean Chretien,0.012563058
5/1/2003,25035.1,15576.3,1325.9,16902.2,8132.9,0.078445409,0.675140103,Liberal,Jean Chretien,0.012345429
6/1/2003,25068.7,15632.7,1283.2,16915.9,8152.8,0.075857625,0.6747817,Liberal,Jean Chretien,0.0124268
7/1/2003,25095.9,15650.3,1303.4,16953.7,8142.2,0.076879973,0.675556565,Liberal,Jean Chretien,0.012102856
8/1/2003,25121.7,15649.6,1326.2,16975.8,8145.9,0.078122975,0.675742486,Liberal,Jean Chretien,0.012212615
9/1/2003,25154,15681.3,1333.4,17014.7,8139.3,0.078367529,0.676421245,Liberal,Jean Chretien,0.012404511
10/1/2003,25179.6,15731,1287.8,17018.8,8160.8,0.07566926,0.675896361,Liberal,Jean Chretien,0.012526088
11/1/2003,25203.7,15781.3,1259.9,17041.2,8162.5,0.073932587,0.676138821,Liberal,Jean Chretien,0.01261566
12/1/2003,25225.6,15817,1251.6,17068.6,8157,0.073327631,0.676638019,Liberal,Transfer,0.012677741
1/1/2004,25250,15819,1253.5,17072.5,8177.5,0.07342217,0.676138614,Liberal,Paul Martin,0.012726259
2/1/2004,25276.5,15834.5,1249.5,17084,8192.5,0.073138609,0.675884715,Liberal,Paul Martin,0.012931898
3/1/2004,25302.8,15846.8,1249.9,17096.7,8206.1,0.073107676,0.675684114,Liberal,Paul Martin,0.01297911
4/1/2004,25330.1,15885.9,1231.9,17117.8,8212.3,0.071966024,0.675788884,Liberal,Paul Martin,0.012811029
5/1/2004,25358.7,15906.5,1210.7,17117.2,8241.5,0.070730026,0.675003056,Liberal,Paul Martin,0.012925852
6/1/2004,25395.6,15924.5,1237.9,17162.4,8233.2,0.072128607,0.675802107,Liberal,Paul Martin,0.013040166
7/1/2004,25425.1,15936.3,1209.4,17145.7,8279.4,0.070536636,0.674361163,Liberal,Paul Martin,0.013117681
8/1/2004,25459.9,15933.6,1200.5,17134.1,8325.8,0.070064958,0.67298379,Liberal,Paul Martin,0.013462465
9/1/2004,25487.3,15977,1192.9,17169.9,8317.4,0.069476235,0.673664923,Liberal,Paul Martin,0.013250378
10/1/2004,25513.4,15986.9,1215.7,17202.6,8310.8,0.07066955,0.674257449,Liberal,Paul Martin,0.013256763
11/1/2004,25537.2,16003.5,1241.1,17244.6,8292.6,0.071970356,0.675273718,Liberal,Paul Martin,0.013232184
12/1/2004,25560.2,16016.7,1229.9,17246.6,8313.6,0.071312607,0.674744329,Liberal,Paul Martin,0.013264303
1/1/2005,25585.5,16031.5,1200.4,17231.9,8353.6,0.0696615,0.67350257,Liberal,Paul Martin,0.013287129
2/1/2005,25613.5,16049.7,1210.6,17260.3,8353.2,0.070137831,0.673875105,Liberal,Paul Martin,0.013332542
3/1/2005,25640.9,16050.1,1184.6,17234.7,8406.2,0.068733427,0.672156594,Liberal,Paul Martin,0.013362158
4/1/2005,25668.9,16075.8,1162.4,17238.2,8430.7,0.067431634,0.671559747,Liberal,Paul Martin,0.013375391
5/1/2005,25706.5,16073.5,1203.8,17277.3,8429.2,0.069675239,0.672098496,Liberal,Paul Martin,0.013715214
6/1/2005,25738.6,16100.1,1172.7,17272.8,8465.8,0.067892872,0.671085451,Liberal,Paul Martin,0.013506277
7/1/2005,25771.7,16140.9,1156.6,17297.5,8474.2,0.066865154,0.671181955,Liberal,Paul Martin,0.013632198
8/1/2005,25810.4,16180.6,1161.1,17341.7,8468.7,0.06695422,0.671888076,Liberal,Paul Martin,0.013766747
9/1/2005,25839.5,16165.9,1162.9,17328.8,8510.7,0.067107936,0.670632172,Liberal,Paul Martin,0.013818647
10/1/2005,25867.3,16206.8,1165.3,17372.1,8495.2,0.067078822,0.671585361,Liberal,Paul Martin,0.013871142
11/1/2005,25894.4,16232.8,1101.3,17334.1,8560.3,0.063533728,0.669415009,Liberal,Paul Martin,0.013987438
12/1/2005,25918.9,16226.4,1144.4,17370.8,8548.1,0.065880673,0.670198195,Liberal,Paul Martin,0.014033537
1/1/2006,25953.3,16218.5,1148.3,17366.8,8586.5,0.066120414,0.669155753,Liberal,Paul Martin,0.01437533
2/1/2006,25979.3,16249.2,1113,17362.2,8617.1,0.064104779,0.668309,Transfer,Transfer,0.014281531
3/1/2006,26007.2,16300.2,1109.8,17410,8597.2,0.063744974,0.669430004,Conservative,Stephen Harper,0.01428577
4/1/2006,26036.5,16333,1106.2,17439.2,8597.3,0.063431809,0.669798168,Conservative,Stephen Harper,0.014320832
5/1/2006,26074.7,16408.9,1067.9,17476.8,8597.9,0.061103863,0.67025891,Conservative,Stephen Harper,0.014323226
6/1/2006,26107.2,16398.1,1069.5,17467.6,8639.6,0.061227644,0.669072133,Conservative,Stephen Harper,0.014320903
7/1/2006,26139,16406.3,1117.3,17523.6,8615.4,0.06375973,0.670400551,Conservative,Stephen Harper,0.014252067
8/1/2006,26177.4,16405.8,1124.6,17530.4,8647,0.064151417,0.669676897,Conservative,Stephen Harper,0.014219074
9/1/2006,26206.2,16422.3,1125.2,17547.5,8658.7,0.064123094,0.669593455,Conservative,Stephen Harper,0.014191451
10/1/2006,26234.3,16441,1083.9,17524.9,8709.4,0.06184914,0.668014775,Conservative,Stephen Harper,0.014187797
11/1/2006,26261,16447.8,1117.8,17565.6,8695.4,0.063635743,0.668885419,Conservative,Stephen Harper,0.014157501
12/1/2006,26285.8,16513.8,1092.1,17605.9,8679.9,0.062030342,0.66978749,Conservative,Stephen Harper,0.014155693
1/1/2007,26314.7,16576.6,1117.7,17694.3,8620.4,0.063167235,0.672411238,Conservative,Stephen Harper,0.013925011
2/1/2007,26335.7,16588.7,1101.3,17690,8645.7,0.062255512,0.671711783,Conservative,Stephen Harper,0.013718614
3/1/2007,26359.9,16645.4,1095.7,17741.1,8618.8,0.061760545,0.673033661,Conservative,Stephen Harper,0.013561629
4/1/2007,26391.8,16611.2,1102.5,17713.7,8678.1,0.062239961,0.671181958,Conservative,Stephen Harper,0.013646227
5/1/2007,26419.3,16645.7,1069.9,17715.6,8703.7,0.0603931,0.670555238,Conservative,Stephen Harper,0.013215876
6/1/2007,26449.2,16689.7,1088.4,17778.1,8671.1,0.06122139,0.672160217,Conservative,Stephen Harper,0.013099835
7/1/2007,26487.2,16739.7,1070,17809.7,8677.5,0.06007962,0.672388927,Conservative,Stephen Harper,0.013321091
8/1/2007,26517.6,16759.9,1056.5,17816.4,8701.2,0.059299297,0.671870758,Conservative,Stephen Harper,0.012995943
9/1/2007,26547,16803.8,1046,17849.8,8697.2,0.058600096,0.672384827,Conservative,Stephen Harper,0.013004556
10/1/2007,26576.1,16855.8,1051,17906.8,8669.3,0.058692787,0.673793371,Conservative,Stephen Harper,0.013028745
11/1/2007,26603.6,16866.6,1093.8,17960.4,8643.2,0.060900648,0.675111639,Conservative,Stephen Harper,0.013045962
12/1/2007,26629.3,16859.2,1089.5,17948.7,8680.6,0.060700775,0.674020722,Conservative,Stephen Harper,0.013067892
1/1/2008,26659.4,16910.9,1067.6,17978.5,8680.9,0.05938204,0.674377518,Conservative,Stephen Harper,0.013099142
2/1/2008,26683.3,16940,1083.7,18023.7,8659.6,0.060126389,0.675467427,Conservative,Stephen Harper,0.013198814
3/1/2008,26710.8,16922.9,1110.2,18033.1,8677.7,0.061564567,0.67512392,Conservative,Stephen Harper,0.013311887
4/1/2008,26745.3,16939.7,1096.8,18036.5,8708.8,0.060810024,0.674380171,Conservative,Stephen Harper,0.013394312
5/1/2008,26775.8,16952.8,1100.7,18053.5,8722.3,0.060968787,0.674246895,Conservative,Stephen Harper,0.013493923
6/1/2008,26815.7,16939.6,1091,18030.6,8785.1,0.060508247,0.672389682,Conservative,Stephen Harper,0.013856752
7/1/2008,26849.7,16927.3,1104,18031.3,8818.4,0.061226867,0.671564301,Conservative,Stephen Harper,0.013685856
8/1/2008,26881.6,16958.5,1097.6,18056.1,8825.5,0.060788321,0.671689929,Conservative,Stephen Harper,0.013726732
9/1/2008,26918.8,17006.6,1113.6,18120.2,8798.6,0.061456275,0.673142934,Conservative,Stephen Harper,0.014005349
10/1/2008,26948.7,17049.2,1136.4,18185.6,8763.1,0.062489002,0.674822904,Conservative,Stephen Harper,0.014020116
11/1/2008,26977,16955.4,1193.4,18148.8,8828.2,0.065756414,0.672750862,Conservative,Stephen Harper,0.014035694
12/1/2008,27003.6,16925.9,1253.1,18179,8824.6,0.068931184,0.673206535,Conservative,Stephen Harper,0.014055946
1/1/2009,27030.3,16792.9,1348.3,18141.2,8889.1,0.074322537,0.671143125,Conservative,Stephen Harper,0.013912541
2/1/2009,27060.9,16735.8,1456.1,18191.9,8869,0.080041117,0.672257759,Conservative,Stephen Harper,0.014151173
3/1/2009,27090,16720.9,1488.6,18209.5,8880.5,0.081748538,0.672185308,Conservative,Stephen Harper,0.014196505
4/1/2009,27120.5,16666.8,1517.3,18184.1,8936.4,0.083441028,0.670492801,Conservative,Stephen Harper,0.014028633
5/1/2009,27152.4,16644.5,1577.9,18222.4,8930,0.086591228,0.671115629,Conservative,Stephen Harper,0.014064939
6/1/2009,27193.5,16634.8,1588.7,18223.5,8970,0.087178643,0.670141762,Conservative,Stephen Harper,0.014088761
7/1/2009,27226.7,16643,1587,18230,8996.7,0.087054306,0.669563333,Conservative,Stephen Harper,0.014041125
8/1/2009,27259.8,16638.6,1573.8,18212.4,9047.4,0.086413652,0.668104682,Conservative,Stephen Harper,0.014069103
9/1/2009,27297.8,16662.5,1532.8,18195.3,9102.5,0.084241535,0.66654822,Conservative,Stephen Harper,0.014079379
10/1/2009,27326.5,16665.1,1550.1,18215.2,9111.3,0.085099258,0.6665764,Conservative,Stephen Harper,0.014019229
11/1/2009,27353.1,16747.1,1562.8,18309.9,9043.2,0.085352733,0.669390307,Conservative,Stephen Harper,0.013941506
12/1/2009,27377.2,16732.2,1546.3,18278.5,9098.7,0.084596657,0.667654106,Conservative,Stephen Harper,0.013835192
1/1/2010,27403.2,16758.7,1523.1,18281.8,9121.4,0.083312365,0.667141064,Conservative,Stephen Harper,0.013795629
2/1/2010,27431.9,16779.8,1520,18299.8,9132.1,0.083061017,0.667099253,Conservative,Stephen Harper,0.013709817
3/1/2010,27460.8,16799.2,1517.1,18316.3,9144.5,0.082827864,0.666998048,Conservative,Stephen Harper,0.013687708
4/1/2010,27491.2,16872.6,1506,18378.6,9112.6,0.08194313,0.668526656,Conservative,Stephen Harper,0.013668627
5/1/2010,27522,16898,1493.3,18391.3,9130.7,0.081196,0.668239953,Conservative,Stephen Harper,0.013612056
6/1/2010,27563.8,16956.7,1471.4,18428.1,9135.7,0.079845453,0.668561664,Conservative,Stephen Harper,0.013617225
7/1/2010,27597.6,16970.2,1482.9,18453.1,9144.5,0.080360481,0.668648723,Conservative,Stephen Harper,0.013622657
8/1/2010,27635.9,16984,1502,18486,9149.9,0.081250676,0.668912538,Conservative,Stephen Harper,0.013796873
9/1/2010,27664.3,16939,1510,18449,9215.3,0.081847255,0.666888372,Conservative,Stephen Harper,0.01342599
10/1/2010,27690.5,16965.2,1469.7,18434.9,9255.6,0.079723785,0.665748181,Conservative,Stephen Harper,0.013320403
11/1/2010,27715,16995.4,1419.3,18414.7,9300.3,0.077074294,0.664430814,Conservative,Stephen Harper,0.013230676
12/1/2010,27736.7,17040.5,1426.7,18467.2,9269.5,0.077255892,0.665803791,Conservative,Stephen Harper,0.013131365
1/1/2011,27758.6,17099.8,1444.5,18544.3,9214.3,0.077894555,0.668056026,Conservative,Stephen Harper,0.012969288
2/1/2011,27781.1,17100.2,1436.1,18536.3,9244.8,0.077475008,0.667227,Conservative,Stephen Harper,0.012729705
3/1/2011,27804.1,17120.9,1424.1,18545,9259.1,0.076791588,0.666987962,Conservative,Stephen Harper,0.012501457
4/1/2011,27829.4,17150.7,1428.1,18578.8,9250.6,0.076867182,0.667596139,Conservative,Stephen Harper,0.012302118
5/1/2011,27861.9,17144.4,1408.6,18553,9308.9,0.075923031,0.665891414,Conservative,Stephen Harper,0.01235012
6/1/2011,27890.6,17178.2,1409.7,18587.9,9302.7,0.075839659,0.666457516,Conservative,Stephen Harper,0.01185613
7/1/2011,27917.9,17201.3,1363.5,18564.8,9353.1,0.073445445,0.664978383,Conservative,Stephen Harper,0.011606082
8/1/2011,27952,17225.8,1356.8,18582.6,9369.4,0.07301454,0.66480395,Conservative,Stephen Harper,0.011438021
9/1/2011,27978.2,17244,1377.2,18621.2,9357,0.073958714,0.665561044,Conservative,Stephen Harper,0.011346754
10/1/2011,28003.8,17212.2,1385.1,18597.3,9406.5,0.074478553,0.664099158,Conservative,Stephen Harper,0.01131435
11/1/2011,28027.9,17204.4,1413.4,18617.8,9410.1,0.075916596,0.664259541,Conservative,Stephen Harper,0.011289915
12/1/2011,28053.1,17219.4,1392.3,18611.7,9441.4,0.074807782,0.663445395,Conservative,Stephen Harper,0.011407269
1/1/2012,28077.5,17201.7,1435.9,18637.6,9439.9,0.077043182,0.663791292,Conservative,Stephen Harper,0.011488332
2/1/2012,28101.8,17197.7,1393.4,18591.1,9510.7,0.074949842,0.661562605,Conservative,Stephen Harper,0.011543819
3/1/2012,28126.4,17274.8,1356.7,18631.5,9494.9,0.07281754,0.66242036,Conservative,Stephen Harper,0.011591816
4/1/2012,28160.1,17370,1362.6,18732.6,9427.5,0.072739502,0.665217808,Conservative,Stephen Harper,0.011883116
5/1/2012,28188.4,17354.3,1391.8,18746.1,9442.3,0.074244776,0.665028877,Conservative,Stephen Harper,0.011718512
6/1/2012,28218.9,17374.7,1355.1,18729.8,9489.1,0.072349945,0.663732463,Conservative,Stephen Harper,0.011770991
7/1/2012,28253.8,17366.9,1364,18730.9,9522.9,0.072820847,0.662951532,Conservative,Stephen Harper,0.012031707
8/1/2012,28279.3,17404.8,1362.9,18767.7,9511.6,0.072619447,0.663655041,Conservative,Stephen Harper,0.011709359
9/1/2012,28304.1,17451.2,1367.3,18818.5,9485.6,0.072657226,0.664868341,Conservative,Stephen Harper,0.011648355
10/1/2012,28329.6,17446.6,1406.7,18853.3,9476.3,0.074612932,0.665498277,Conservative,Stephen Harper,0.011634135
11/1/2012,28353.9,17459.5,1388.3,18847.8,9506.1,0.073658464,0.664733952,Conservative,Stephen Harper,0.011631267
12/1/2012,28376.5,17489.5,1373.1,18862.6,9513.9,0.072794843,0.664726094,Conservative,Stephen Harper,0.011528138
1/1/2013,28399.7,17508,1340.9,18848.9,9550.8,0.07113943,0.663700673,Conservative,Stephen Harper,0.011475381
2/1/2013,28417.8,17553.8,1339,18892.8,9525,0.07087356,0.664822752,Conservative,Stephen Harper,0.011244831
3/1/2013,28442.2,17508.4,1380.5,18888.9,9553.3,0.073085251,0.664115293,Conservative,Stephen Harper,0.011227886
4/1/2013,28475,17533.5,1357.4,18890.9,9584.1,0.071854703,0.663420544,Conservative,Stephen Harper,0.011182489
5/1/2013,28504.1,17596.5,1333.2,18929.7,9574.4,0.070429008,0.664104462,Conservative,Stephen Harper,0.011199642
6/1/2013,28533.5,17589,1357.3,18946.3,9587.2,0.071639317,0.664001963,Conservative,Stephen Harper,0.011148556
7/1/2013,28566.9,17585.3,1351.4,18936.7,9630.2,0.071364071,0.662889568,Conservative,Stephen Harper,0.011081695
8/1/2013,28592.4,17614,1348.4,18962.4,9630,0.071109142,0.663197213,Conservative,Stephen Harper,0.011071703
9/1/2013,28622.4,17601.9,1343,18944.9,9677.5,0.070889791,0.661890687,Conservative,Stephen Harper,0.011245721
10/1/2013,28646.3,17607,1350.8,18957.8,9688.5,0.071252993,0.661788782,Conservative,Stephen Harper,0.01117912
11/1/2013,28668.7,17628,1328.6,18956.6,9712.1,0.070086408,0.661229843,Conservative,Stephen Harper,0.011102529
12/1/2013,28688.9,17614.4,1378.3,18992.7,9696.2,0.072569987,0.662022594,Conservative,Stephen Harper,0.01100911
1/1/2014,28708.4,17629,1343.8,18972.8,9735.6,0.070827711,0.660879743,Conservative,Stephen Harper,0.010869833
2/1/2014,28726.7,17637.4,1350.6,18988,9738.7,0.071129134,0.660987861,Conservative,Stephen Harper,0.010869948
3/1/2014,28750.6,17638.4,1330.8,18969.2,9781.4,0.070155832,0.659784491,Conservative,Stephen Harper,0.010843043
4/1/2014,28782.1,17629.1,1341.7,18970.8,9811.3,0.070724482,0.659117993,Conservative,Stephen Harper,0.010784899
5/1/2014,28808.4,17618,1336.3,18954.3,9854.1,0.070501153,0.657943516,Conservative,Stephen Harper,0.010675657
6/1/2014,28841.5,17634.1,1347.8,18981.9,9859.6,0.071004483,0.658145381,Conservative,Stephen Harper,0.010794329
7/1/2014,28866.2,17688.8,1349.5,19038.3,9827.9,0.07088343,0.659536066,Conservative,Stephen Harper,0.010477161
8/1/2014,28888.8,17663,1324.8,18987.8,9901,0.069771116,0.657272022,Conservative,Stephen Harper,0.010366391
9/1/2014,28912.9,17705.9,1308.8,19014.7,9898.2,0.068830957,0.657654542,Conservative,Stephen Harper,0.010149393
10/1/2014,28930.2,17736.7,1269.9,19006.6,9923.6,0.066813633,0.656981286,Conservative,Stephen Harper,0.009910529
11/1/2014,28947.1,17740.4,1274.4,19014.8,9932.3,0.067021478,0.656881,Conservative,Stephen Harper,0.009710939
12/1/2014,28961.9,17713.9,1267.3,18981.2,9980.7,0.066766063,0.655385178,Conservative,Stephen Harper,0.009515875
1/1/2015,28972.2,17740,1267.2,19007.2,9965,0.066669473,0.656049592,Conservative,Stephen Harper,0.009188948
2/1/2015,28985,17755.5,1297.4,19052.9,9932.1,0.068094621,0.657336553,Conservative,Stephen Harper,0.008991635
3/1/2015,29000.2,17767.7,1310.8,19078.5,9921.7,0.068705611,0.657874773,Conservative,Stephen Harper,0.008681558
4/1/2015,29016.8,17750.3,1317.6,19067.9,9948.9,0.069100425,0.657133109,Conservative,Stephen Harper,0.008154374
5/1/2015,29035.8,17782,1315.5,19097.5,9938.3,0.068883362,0.657722536,Conservative,Stephen Harper,0.007893531
6/1/2015,29063.9,17786.2,1316.9,19103.1,9960.8,0.068936455,0.657279305,Conservative,Stephen Harper,0.007711111
7/1/2015,29085.3,17827.7,1316,19143.7,9941.6,0.068743242,0.658191595,Conservative,Stephen Harper,0.007590192
8/1/2015,29106.1,17846.2,1347,19193.2,9912.9,0.070181106,0.659421908,Conservative,Stephen Harper,0.007521946
9/1/2015,29133.1,17825.7,1358.2,19183.9,9949.2,0.070798951,0.658491544,Conservative,Stephen Harper,0.007615978
10/1/2015,29153.7,17843.7,1331.2,19174.9,9978.8,0.069424091,0.657717545,Conservative,Stephen Harper,0.007725491
11/1/2015,29172.7,17820.7,1363.9,19184.6,9988.1,0.071093481,0.657621681,Transfer,Transfer,0.007793527
12/1/2015,29192.2,17819.3,1379.1,19198.4,9993.8,0.071834111,0.657655127,Liberal,Justin Trudeau,0.007951826
1/1/2016,29216.6,17819.1,1387,19206.1,10010.5,0.07221664,0.657369441,Liberal,Justin Trudeau,0.008435673
2/1/2016,29247.9,17824.7,1404.6,19229.3,10018.6,0.073044781,0.657459168,Liberal,Justin Trudeau,0.009070209
3/1/2016,29273.8,17861.6,1366.1,19227.7,10046.1,0.071048539,0.656822825,Liberal,Justin Trudeau,0.009434418
4/1/2016,29301.4,17873.2,1382.5,19255.7,10045.7,0.071796922,0.657159726,Liberal,Justin Trudeau,0.009808111
5/1/2016,29337.4,17874.6,1350.9,19225.5,10111.9,0.070266053,0.655323921,Liberal,Justin Trudeau,0.010387177
6/1/2016,29371.2,17890.3,1320.1,19210.4,10160.8,0.068717986,0.654055674,Liberal,Justin Trudeau,0.010573254
7/1/2016,29403.6,17870.2,1347.8,19218,10185.6,0.070132168,0.653593438,Liberal,Justin Trudeau,0.010943673
8/1/2016,29442.2,17924.2,1342.1,19266.3,10175.9,0.069660495,0.654377051,Liberal,Justin Trudeau,0.011547408
9/1/2016,29471.1,17972,1357.5,19329.5,10141.6,0.070229442,0.655879828,Liberal,Justin Trudeau,0.011601924
10/1/2016,29497.7,18015.8,1348.6,19364.4,10133.3,0.069643263,0.656471522,Liberal,Justin Trudeau,0.011799531
11/1/2016,29522.6,18013.4,1341.7,19355.1,10167.5,0.069320231,0.655602826,Liberal,Justin Trudeau,0.01199409
12/1/2016,29546.7,18050.8,1357.2,19408,10138.7,0.069929926,0.656858465,Liberal,Justin Trudeau,0.012143655
1/1/2017,29579.6,18133.3,1317.2,19450.5,10129.1,0.067720624,0.657564673,Liberal,Justin Trudeau,0.012424444
2/1/2017,29605.3,18147,1291.6,19438.6,10166.7,0.066445114,0.656591894,Liberal,Justin Trudeau,0.012219681
3/1/2017,29635.8,18163.4,1307.9,19471.3,10164.5,0.067170656,0.657019551,Liberal,Justin Trudeau,0.012366006
4/1/2017,29667.1,18182.3,1265,19447.3,10219.8,0.06504759,0.655517391,Liberal,Justin Trudeau,0.012480632
5/1/2017,29706.9,18235.2,1292.2,19527.4,10179.5,0.066173684,0.657335501,Liberal,Justin Trudeau,0.012594845
6/1/2017,29740.8,18269.1,1262.1,19531.2,10209.6,0.064619685,0.656714009,Liberal,Justin Trudeau,0.012583756
7/1/2017,29778.3,18290.6,1237.8,19528.4,10249.9,0.063384609,0.655792977,Liberal,Justin Trudeau,0.012743338
8/1/2017,29824,18335.7,1204.9,19540.6,10283.4,0.061661361,0.655197157,Liberal,Justin Trudeau,0.012967781
9/1/2017,29859,18332.8,1215.5,19548.3,10310.7,0.06217932,0.654687029,Liberal,Justin Trudeau,0.013162047
10/1/2017,29892.9,18371.2,1231.8,19603,10289.9,0.062837321,0.655774448,Liberal,Justin Trudeau,0.013397655
11/1/2017,29925.3,18439.3,1184.2,19623.5,10301.8,0.060346014,0.655749483,Liberal,Justin Trudeau,0.013640398
12/1/2017,29956.7,18516.1,1156.9,19673,10283.7,0.058806486,0.656714525,Liberal,Justin Trudeau,0.013876338
1/1/2018,30001.3,18435.9,1168.6,19604.5,10396.8,0.059608763,0.653455017,Liberal,Justin Trudeau,0.014256447
2/1/2018,30032.2,18459,1163.2,19622.2,10410,0.059279795,0.653372047,Liberal,Justin Trudeau,0.014419715
3/1/2018,30069.2,18515.4,1155.9,19671.3,10397.9,0.058760733,0.654200976,Liberal,Justin Trudeau,0.014624205
4/1/2018,30117.6,18501.4,1170,19671.4,10446.2,0.059477211,0.653152974,Liberal,Justin Trudeau,0.015185171
5/1/2018,30156.6,18492.4,1182.1,19674.5,10482.1,0.060082848,0.652411081,Liberal,Justin Trudeau,0.015137897
6/1/2018,30197.4,18539.4,1203.1,19742.5,10454.9,0.060939597,0.653781451,Liberal,Justin Trudeau,0.015352647
7/1/2018,30249.6,18605.7,1155.5,19761.2,10488.4,0.05847317,0.653271448,Liberal,Justin Trudeau,0.015826961
8/1/2018,30289.2,18552.2,1178.6,19730.8,10558.4,0.05973402,0.651413705,Liberal,Justin Trudeau,0.015598176
9/1/2018,30328.1,18619.2,1166.9,19786.1,10542,0.058975746,0.652401568,Liberal,Justin Trudeau,0.015710506
10/1/2018,30366.6,18630.9,1158.2,19789.1,10577.5,0.058527169,0.65167322,Liberal,Justin Trudeau,0.015846572
11/1/2018,30402.5,18741.1,1142.1,19883.2,10519.3,0.057440452,0.653998849,Liberal,Justin Trudeau,0.015946373
12/1/2018,30437.2,18741,1146.2,19887.2,10550,0.057635062,0.653384674,Liberal,Justin Trudeau,0.016039817
1/1/2019,30479.8,18815.6,1180.9,19996.5,10483.3,0.059055335,0.656057454,Liberal,Justin Trudeau,0.015949309
2/1/2019,30507.8,18867.3,1177.2,20044.5,10463.3,0.058729327,0.657028694,Liberal,Justin Trudeau,0.015836336
3/1/2019,30542.6,18860.8,1169.2,20030,10512.6,0.058372441,0.655805334,Liberal,Justin Trudeau,0.015743685
4/1/2019,30589,18963.3,1166.9,20130.2,10458.8,0.057967631,0.65808624,Liberal,Justin Trudeau,0.015651978
5/1/2019,30630.4,18985.6,1093.6,20079.2,10551.2,0.054464321,0.655531759,Liberal,Justin Trudeau,0.01571132
6/1/2019,30674.7,18990,1127,20117,10557.7,0.05602227,0.655817335,Liberal,Justin Trudeau,0.015805997
7/1/2019,30727.5,18968.7,1165.3,20134,10593.5,0.057877223,0.655243674,Liberal,Justin Trudeau,0.015798556
8/1/2019,30763.6,19043.9,1176.6,20220.5,10543.1,0.058188472,0.657286533,Liberal,Justin Trudeau,0.015662348
9/1/2019,30808.9,19081.4,1124.4,20205.8,10603.1,0.055647388,0.655842954,Liberal,Justin Trudeau,0.015853285
10/1/2019,30842.3,19078.8,1138.4,20217.2,10625.1,0.05630849,0.655502346,Liberal,Justin Trudeau,0.015665237
11/1/2019,30872.5,19020.3,1195.3,20215.6,10656.9,0.059127604,0.654809296,Liberal,Justin Trudeau,0.015459255
12/1/2019,30897.9,19074.3,1148.7,20223,10674.9,0.056801661,0.654510501,Liberal,Justin Trudeau,0.015136083
1/1/2020,30924.2,19106.1,1136.8,20242.9,10681.3,0.056157962,0.65459737,Liberal,Justin Trudeau,0.014580148
2/1/2020,30949.3,19130.3,1145.7,20276,10673.3,0.056505228,0.65513598,Liberal,Justin Trudeau,0.014471709
3/1/2020,30978.8,18133.8,1553.8,19687.6,11291.2,0.078922774,0.635518484,Liberal,Justin Trudeau,0.014281692
4/1/2020,30994.3,16141.6,2443.9,18585.5,12408.8,0.131494983,0.599642515,Liberal,Justin Trudeau,0.013249861
5/1/2020,31009.1,16444,2609.8,19053.8,11955.3,0.136970053,0.614458336,Liberal,Justin Trudeau,0.012363534
6/1/2020,31037,17385.7,2474.4,19860.1,11176.9,0.124591518,0.639884654,Liberal,Justin Trudeau,0.011811036
7/1/2020,31061.6,17802.6,2182.8,19985.4,11076.2,0.10921973,0.643411801,Liberal,Justin Trudeau,0.010872997
8/1/2020,31084.7,18016.3,2054.8,20071.1,11013.6,0.102376053,0.645690645,Liberal,Justin Trudeau,0.01043766
9/1/2020,31114.6,18388.5,1858.2,20246.7,10867.9,0.091777919,0.650713813,Liberal,Justin Trudeau,0.009922457
10/1/2020,31138.8,18482.9,1833.2,20316.1,10822.7,0.090233854,0.652436831,Liberal,Justin Trudeau,0.009613421
11/1/2020,31161.3,18537.5,1742.5,20280,10881.3,0.085922091,0.650807251,Liberal,Justin Trudeau,0.009354604
12/1/2020,31177.5,18484.8,1773.9,20258.7,10918.8,0.087562381,0.649785903,Liberal,Justin Trudeau,0.009049159
1/1/2021,31191.2,18272,1899,20171,11020.2,0.09414506,0.64668881,Liberal,Justin Trudeau,0.008634015
